datetime,pm25,pm10,no2,o3,co,so2,temperature_2m_mean,wind_speed_10m_max,precipitation_sum,relative_humidity_2m_mean
2025-08-01,4.27,11.5,16.8,13.8,90.8,1.58,16.4,16.2,1.2,73
2025-08-02,6.57,15.1,23.1,10.6,151.0,1.86,16.7,10.0,0.0,64
2025-08-03,5.48,14.0,17.2,8.98,101.0,2.18,18.4,17.2,2.5,75
2025-08-04,5.43,14.7,14.8,22.6,96.1,1.49,19.1,24.0,1.0,79
2025-08-05,6.39,18.3,26.5,30.9,183.0,2.24,17.1,19.7,0.0,58
2025-08-06,8.74,24.7,22.6,45.5,153.0,1.79,17.2,12.3,0.0,60
2025-08-07,9.91,21.1,26.0,35.6,182.0,1.97,18.9,19.8,0.0,66
2025-08-08,6.83,18.3,21.9,35.6,140.0,1.49,20.3,13.7,0.0,57
2025-08-09,8.91,22.4,23.7,41.7,201.0,1.55,19.7,17.1,0.0,52
2025-08-10,14.7,29.5,35.1,53.1,220.0,2.16,20.8,8.3,0.0,55
2025-08-11,13.7,34.0,32.5,73.3,203.0,2.41,22.9,12.2,0.5,54
2025-08-12,16.6,36.2,38.4,39.9,250.0,2.3,24.8,13.3,0.6,53
2025-08-13,13.0,28.2,23.3,37.4,179.0,2.01,22.0,14.6,0.0,71
2025-08-14,5.43,16.0,12.5,36.4,99.4,1.21,21.9,13.1,0.0,65
2025-08-15,6.52,17.9,5.74,54.3,64.5,1.11,23.0,15.1,0.0,61
2025-08-16,6.09,15.9,9.58,49.1,104.0,1.29,19.3,13.4,0.1,69
2025-08-17,4.26,15.0,9.4,48.5,83.1,1.29,18.2,12.9,0.0,69
2025-08-18,5.17,16.1,12.4,58.9,109.0,1.56,18.8,13.6,0.2,70
2025-08-19,5.3,19.0,7.62,55.1,59.7,1.17,19.4,16.5,0.1,69
2025-08-20,4.04,18.9,7.13,52.4,69.9,1.19,17.2,17.1,0.0,65
2025-08-21,3.61,14.2,23.9,43.4,117.0,1.69,16.7,14.6,0.1,62
2025-08-22,4.87,15.7,19.7,47.7,151.0,1.64,17.5,9.9,0.0,53
2025-08-24,5.04,16.0,29.4,51.0,246.0,2.03,19.3,9.7,0.0,55
2025-08-25,6.48,20.7,36.6,36.5,198.0,2.62,20.7,12.6,0.0,49
2025-08-26,7.39,23.7,24.6,38.3,179.0,2.45,21.0,18.9,0.2,58
2025-08-27,6.91,22.8,26.5,28.7,142.0,2.18,18.2,20.8,1.3,74
2025-08-28,5.3,17.3,28.5,30.7,137.0,1.34,17.0,19.6,2.4,74
2025-08-29,5.87,17.0,20.4,22.5,118.0,1.23,16.5,14.8,19.5,81
2025-08-30,4.78,17.9,19.6,33.4,81.6,0.803,16.9,23.3,2.0,82
2025-08-31,6.43,20.0,25.8,32.0,118.0,1.18,16.9,21.3,0.9,76
2025-09-01,6.61,19.0,38.0,21.7,225.0,3.84,16.4,22.7,3.3,77
2025-09-02,5.09,16.5,31.5,25.2,141.0,3.07,15.8,15.4,1.9,83
2025-09-03,6.87,17.0,48.5,23.2,151.0,3.92,17.7,27.5,25.6,85
2025-09-04,6.62,18.5,35.5,18.2,166.0,2.38,16.0,20.7,4.7,75
2025-09-05,8.13,20.2,36.0,30.0,133.0,1.68,15.9,9.8,0.0,76
2025-09-06,6.55,17.1,21.2,35.4,71.4,1.56,17.7,17.6,0.0,72
2025-09-07,6.57,18.0,46.9,25.0,188.0,3.51,19.3,18.0,0.0,74
2025-09-08,6.0,20.5,39.2,27.5,193.0,2.75,16.3,13.4,0.1,71
2025-09-09,7.43,17.0,35.9,27.8,156.0,15.0,15.7,11.3,0.3,70
2025-09-10,7.74,15.7,28.2,22.1,147.0,2.68,15.5,19.4,7.7,80
2025-09-11,6.04,18.0,33.0,24.7,158.0,3.1,14.3,22.8,3.7,73
2025-09-12,5.57,16.2,24.1,30.7,130.0,1.74,13.9,18.4,4.4,73
2025-09-13,5.91,15.6,20.9,28.9,136.0,1.35,14.0,17.7,3.0,75
2025-09-14,6.13,19.7,20.5,41.0,97.0,1.75,13.8,26.3,3.5,84
2025-09-15,8.0,21.8,23.8,33.4,139.0,1.18,15.6,31.6,0.4,67
2025-09-16,3.63,18.3,23.0,30.7,134.0,1.44,14.7,21.8,0.0,67
2025-09-17,2.48,14.7,20.6,28.4,112.0,1.82,16.2,24.4,1.1,85
2025-09-18,3.59,17.3,33.6,26.9,235.0,1.81,18.5,21.9,0.0,85
2025-09-19,7.73,21.0,22.8,35.5,136.0,1.86,18.9,13.2,0.0,79
2025-09-20,4.0,13.9,7.38,45.9,51.2,0.886,16.6,24.5,0.0,81
2025-09-21,3.0,14.2,11.8,43.4,60.3,0.863,12.5,20.9,0.0,64
2025-09-22,3.22,15.3,14.7,39.3,79.9,1.03,11.4,16.2,0.0,64
2025-09-23,0.909,12.3,12.7,24.5,59.0,3.58,11.6,15.7,0.0,68
2025-09-25,5.74,20.6,28.1,20.7,198.0,2.6,13.4,17.6,0.0,58
2025-09-26,11.3,20.5,33.5,20.8,311.0,2.49,12.8,15.7,1.1,70
2025-09-27,9.87,16.6,32.5,19.0,331.0,1.85,13.7,15.1,0.0,72
2025-09-30,14.0,26.9,46.7,21.2,275.0,3.18,13.7,6.4,0.0,72
2025-10-01,16.5,28.2,39.5,27.2,272.0,2.26,13.1,8.8,0.1,80
2025-10-02,11.3,21.9,32.1,31.3,169.0,2.46,14.7,16.4,0.0,79
2025-10-03,5.96,14.4,23.2,39.8,162.0,2.05,16.2,28.6,12.4,86
2025-10-04,7.7,18.6,20.2,38.5,130.0,1.38,13.0,31.5,3.6,69
2025-10-05,7.96,16.6,35.9,20.4,201.0,2.42,12.7,22.5,0.0,66
2025-10-06,9.57,22.7,35.9,20.7,210.0,2.5,14.0,11.4,0.0,80
2025-10-07,9.96,21.1,30.7,18.3,218.0,2.14,14.1,12.3,0.0,80
2025-10-08,7.57,17.6,34.5,24.8,196.0,2.34,13.7,8.2,0.4,85
2025-10-09,9.96,17.3,23.6,29.3,167.0,1.11,12.3,11.1,0.0,79
2025-10-10,10.0,17.2,27.3,28.7,201.0,1.19,13.9,7.2,0.1,83
2025-10-11,16.2,21.6,24.8,26.3,206.0,1.03,12.6,5.5,0.0,82
2025-10-12,11.4,15.7,18.1,27.3,76.8,0.928,11.4,9.1,0.0,85
2025-10-13,3.22,7.04,14.3,35.6,82.0,1.06,13.7,12.1,0.2,88
2025-10-14,4.39,8.09,16.9,43.4,58.9,1.01,12.3,11.1,0.1,85
2025-10-15,4.24,9.14,22.9,37.7,94.2,1.0,11.6,10.5,0.0,85
2025-10-16,8.07,14.4,29.4,35.4,135.0,1.41,12.3,7.8,0.0,84
2025-10-17,9.91,17.8,32.5,35.6,201.0,1.83,12.8,8.6,0.0,80
2025-10-18,10.9,20.1,23.7,30.5,219.0,2.01,12.6,13.5,0.0,73
2025-10-19,7.89,14.2,35.8,23.4,232.0,2.86,13.6,17.6,6.1,86
2025-10-20,12.2,20.0,32.5,20.5,340.0,3.24,13.1,17.3,3.4,90
2025-10-21,7.7,21.6,35.3,10.9,328.0,3.56,12.8,17.7,0.2,85
2025-10-22,5.27,12.5,16.4,2.39,166.0,1.62,11.4,15.3,9.9,86
2025-10-23,5.3,13.9,28.5,31.4,222.0,1.84,9.6,25.6,14.2,83
2025-10-24,6.78,14.5,22.1,31.8,172.0,1.65,8.7,20.2,0.0,75
2025-10-25,5.0,12.0,24.5,32.0,205.0,1.33,9.0,17.4,1.1,77
2025-11-18,14.0,25.5,43.4,14.8,646.0,2.64,3.3,12.9,0.1,89
2025-11-19,8.58,15.1,18.7,40.5,470.0,1.28,3.3,24.9,6.3,85
2025-11-20,5.71,12.1,27.2,39.1,525.0,1.68,1.3,15.0,0.0,74
2025-11-21,8.13,15.5,34.0,32.5,624.0,1.92,2.3,13.8,0.0,84
2025-11-22,12.3,28.4,37.9,26.4,596.0,1.66,5.6,19.6,10.4,84
2025-11-24,7.17,14.7,23.7,32.5,590.0,2.18,5.6,17.3,1.6,88
2025-11-25,4.92,11.7,19.5,42.4,584.0,1.04,5.0,16.6,0.0,81
2025-11-26,10.7,23.1,42.1,15.7,816.0,2.83,3.7,17.3,0.9,88
2025-11-27,8.71,19.9,27.7,35.1,538.0,1.83,11.8,19.2,1.1,93
2025-11-28,6.67,20.5,30.8,35.5,668.0,2.42,10.5,18.6,0.0,85
2025-11-29,8.54,23.6,30.7,36.6,758.0,2.21,8.9,24.2,3.9,87
2025-11-30,7.0,14.3,35.0,30.3,783.0,1.92,5.3,12.6,0.0,80
2025-12-01,6.54,13.8,24.0,40.4,365.0,1.79,10.1,30.3,6.7,87
2025-12-02,7.63,12.7,38.2,34.7,501.0,2.46,8.6,14.3,2.6,87
2025-12-03,8.21,16.1,49.1,21.5,461.0,3.04,6.3,12.6,0.8,89
2025-12-04,8.04,17.2,35.8,25.1,482.0,2.79,6.4,16.6,6.1,91
2025-12-05,10.6,21.2,40.8,21.7,432.0,2.32,4.9,30.2,10.6,86
2025-12-06,9.33,20.3,27.6,44.2,366.0,1.54,10.1,20.6,1.0,84
2025-12-07,9.42,19.0,28.6,35.3,616.0,1.49,11.1,25.6,4.3,89
2025-12-08,7.79,17.9,29.3,41.7,811.0,1.63,12.1,16.5,0.6,87
2025-12-09,7.33,17.9,28.8,36.0,377.0,1.59,13.2,24.9,6.7,81
2025-12-10,11.9,25.2,36.8,39.6,273.0,2.79,10.7,19.4,0.0,81
2025-12-11,12.6,26.5,41.4,30.6,312.0,1.82,9.4,14.2,0.0,89
2025-12-12,11.0,20.3,38.4,22.7,648.0,1.68,10.1,13.8,0.2,90
2025-12-16,13.1,17.9,28.8,22.7,469.0,1.38,9.5,12.7,4.5,90
2025-12-17,12.3,19.7,38.6,15.0,632.0,1.84,6.4,22.0,0.0,87
2025-12-18,9.88,14.4,30.2,34.9,332.0,1.67,11.1,30.6,17.7,89
2025-12-19,9.95,15.1,42.7,35.2,471.0,1.87,8.5,15.5,0.2,81
2025-12-20,11.7,21.2,37.9,28.5,308.0,1.38,6.6,11.4,0.0,89
2025-12-21,13.3,18.3,35.9,12.9,367.0,1.58,8.9,16.2,5.1,96
2025-12-22,17.4,20.5,34.7,6.62,385.0,2.01,9.1,13.5,0.9,95
2025-12-23,21.0,25.3,11.0,19.1,340.0,0.446,6.8,16.3,0.1,89
2025-12-24,15.3,19.6,3.0,49.6,158.0,0.364,4.9,24.6,0.0,75
2025-12-25,9.46,14.7,2.67,63.8,206.0,1.3,3.8,23.3,0.0,71
2025-12-26,11.9,17.5,5.08,38.0,242.0,1.5,4.2,17.9,0.0,85
2025-12-27,13.4,16.8,4.54,43.8,156.0,1.21,5.2,22.2,0.0,86
2025-12-28,8.5,12.0,1.99,71.2,538.0,0.84,6.4,14.6,0.0,81
2025-12-29,10.7,17.7,3.29,64.5,167.0,2.75,5.0,11.9,0.0,83
2025-12-30,9.42,12.6,4.29,51.5,277.0,1.29,4.3,12.2,0.0,83
2025-12-31,14.5,17.1,25.3,20.4,412.0,20.7,0.6,11.4,0.0,92
2026-01-01,21.3,25.0,22.5,25.3,432.0,2.46,2.9,17.3,0.0,83
2026-01-02,9.79,13.0,19.7,39.4,258.0,2.46,1.6,16.1,0.4,77
2026-01-03,9.46,16.3,16.2,40.2,366.0,1.88,0.3,15.1,0.0,73
2026-01-04,11.3,20.0,29.3,23.9,328.0,2.5,-1.0,11.0,0.0,77
2026-01-05,13.5,23.0,30.0,22.7,358.0,2.25,-1.3,10.6,0.0,81
2026-01-06,16.0,19.5,46.8,14.6,530.0,2.67,-0.9,19.8,1.4,85
2026-01-07,11.3,15.2,43.3,32.9,775.0,1.96,2.9,16.8,6.8,84
2026-01-08,13.0,17.1,44.6,18.8,806.0,2.17,3.7,23.3,13.5,93
2026-01-09,9.67,12.3,13.3,47.4,490.0,1.17,3.6,25.9,2.9,86
2026-01-10,9.67,9.83,23.0,49.3,576.0,1.17,1.4,15.1,0.0,86
2026-01-11,15.4,17.0,30.5,25.8,692.0,1.38,4.4,28.2,2.4,86
2026-01-12,10.3,14.7,34.6,40.8,669.0,1.92,10.0,22.4,0.2,90
2026-01-13,10.7,16.5,44.5,25.4,609.0,3.67,9.3,19.4,12.9,94
2026-01-14,12.0,15.0,44.4,21.8,696.0,3.67,4.6,15.8,3.9,90
2026-01-15,10.9,14.8,38.5,32.8,707.0,3.58,8.2,22.9,14.6,93
2026-01-16,9.17,10.5,40.7,29.6,723.0,3.0,6.8,13.0,0.5,90
2026-01-17,12.5,16.7,29.0,31.7,680.0,2.42,7.4,11.1,1.3,92
2026-01-18,18.6,22.9,31.8,14.9,721.0,2.65,8.3,10.1,0.5,93
2026-01-19,18.5,26.2,30.8,11.3,592.0,2.71,8.5,12.5,0.8,92
2026-01-20,14.5,18.3,23.1,36.2,295.0,2.2,8.7,25.2,5.5,86
2026-01-23,10.0,16.3,25.7,47.2,341.0,2.87,7.2,20.2,3.5,85
2026-01-24,11.0,16.3,19.8,53.1,303.0,2.5,7.0,18.8,4.0,82
2026-01-25,10.5,14.3,22.3,42.2,313.0,2.46,6.4,16.3,3.1,90
2026-01-26,30.8,33.0,28.3,23.0,450.0,2.83,5.1,15.3,0.1,88
2026-01-27,25.8,30.3,30.1,36.9,342.0,2.88,7.0,26.8,16.7,90
2026-01-28,11.0,18.0,57.1,26.3,504.0,4.58,4.9,9.9,0.2,88
2026-01-29,18.3,30.0,46.6,19.2,472.0,3.63,4.2,14.2,0.0,89
2026-01-30,14.9,23.0,32.9,34.5,254.0,2.42,7.2,19.5,5.5,89
2026-01-31,11.3,21.3,34.3,41.5,192.0,1.03,7.4,12.8,1.5,87
2026-02-01,10.0,16.4,33.4,36.4,184.0,1.33,6.9,10.3,5.5,94
